<?xml version = "1.0"?>
<GameData>
<!-- screenTitle is also used to identify you and your animation. 
     So make sure to include your name as part of the screenTitle -->
<title>Varsha's Skyline</title>
<maxStringSize>50</maxStringSize>

<frameCapOn>true</frameCapOn>
<period>17</period>

<maxFrames>30</maxFrames>
<username>Varsha Chauhan</username>

<view>
  <width>700</width>
  <height>500</height>
  <loc x="10" y="0"/>
</view>

<background>
  <width>2000</width>
  <height>500</height>
</background>

<last_l>
  <file>assets/frame2.png</file>
  <factor>3</factor>
  <transparency>false</transparency>
</last_l>

<middle_l>
  <file>assets/frame1.png</file>
  <factor>2</factor>
  <transparency>true</transparency>
</middle_l>

<front_l>
  <file>assets/frame3.png</file>
  <factor>1</factor>
  <transparency>true</transparency>
</front_l>

<front_r>
  <file>assets/frame4.png</file>
  <factor>2</factor>
  <transparency>true</transparency>
</front_r>

<middle_r>
  <file>assets/trees_flip.png</file>
  <factor>1</factor>
  <transparency>true</transparency>
</middle_r>

<front_r>
  <file>assets/road_flip.png</file>
  <factor>1</factor>
  <transparency>true</transparency>
</front_r>
<font name="font">
  <file>fonts/arial.ttf</file>
  <size>24</size>
  <red>255</red>
  <green>255</green>
  <blue>0</blue>
  <alpha>0</alpha>
</font>

<Cyclist>
  <file>assets/cycling.png</file>
  <startLoc x="0" y="280"/>
  <frames>12</frames>
  <frameInterval>50</frameInterval>
  <speedX>200</speedX>
  <speedY>0</speedY>
  <transparency>true</transparency>
</Cyclist>

<Cyclist_Left>
  <file>assets/cycling_left.png</file>
  <startLoc x="0" y="280"/>
  <frames>12</frames>
  <frameInterval>50</frameInterval>
  <speedX>200</speedX>
  <speedY>0</speedY>
  <transparency>true</transparency>
</Cyclist_Left>

<Cyclist_Right>
  <file>assets/cycling_right.png</file>
  <startLoc x="0" y="280"/>
  <frames>12</frames>
  <frameInterval>50</frameInterval>
  <speedX>200</speedX>
  <speedY>0</speedY>
  <transparency>true</transparency>
</Cyclist_Right>

<Globe>
  <file>assets/globe.png</file>
  <startLoc x="490" y="400"/>
  <speedX>200</speedX>
 <frameInterval>100</frameInterval>  
  <frames>5</frames>
  <speedY>0</speedY>
  <transparency>true</transparency>
</Globe>

</GameData>
